<?xml version="1.0" encoding="UTF-8"?>
<jcr:root xmlns:sling="http://sling.apache.org/jcr/sling/1.0" xmlns:cq="http://www.day.com/jcr/cq/1.0" xmlns:jcr="http://www.jcp.org/jcr/1.0" xmlns:mix="http://www.jcp.org/jcr/mix/1.0" xmlns:nt="http://www.jcp.org/jcr/nt/1.0"
    jcr:primaryType="cq:Page">
    <jcr:content
        cq:lastModified="{Date}2022-05-11T14:02:29.904Z"
        cq:lastModifiedBy="eric_tai@otpp.com"
        cq:lastReplicated="{Date}2022-05-11T14:02:37.541Z"
        cq:lastReplicated_publish="{Date}2022-05-11T14:02:37.541Z"
        cq:lastReplicated_scene7="{Date}2022-02-15T15:09:11.120Z"
        cq:lastReplicatedBy="eric_tai@otpp.com"
        cq:lastReplicatedBy_publish="eric_tai@otpp.com"
        cq:lastReplicatedBy_scene7="matthew_sadowski@otpp.com"
        cq:lastReplicationAction="Activate"
        cq:lastReplicationAction_publish="Activate"
        cq:lastReplicationAction_scene7="Activate"
        cq:template="/conf/otpp/settings/wcm/templates/l2"
        jcr:description="Latest investment news"
        jcr:isCheckedOut="{Boolean}true"
        jcr:mixinTypes="[mix:versionable]"
        jcr:primaryType="cq:PageContent"
        jcr:title="Invested"
        jcr:uuid="907e9421-59a2-403e-a6d5-107dc6281a26"
        sling:resourceType="otpp/components/pages/l2"
        accessibilityTitle="Learn how our investments pay your pension"
        contentType="otpp:content-type/bio"
        hideInSearch="false"
        legacyPath="/content/otpp/m/invested"
        pageTitle="Invested"
        seoTitle="Invested">
        <herobanner
            jcr:lastModified="{Date}2021-10-27T14:07:35.994Z"
            jcr:lastModifiedBy="theresa.lee@digitalonsix.com"
            jcr:primaryType="nt:unstructured"
            sling:resourceType="otpp/components/components/herobanner"
            displayGrey="false"
            subTitle="Read the latest news about how our investments pay your pension"
            variant="v6">
            <par
                jcr:primaryType="nt:unstructured"
                sling:resourceType="dos/components/paragraphsystems/generic">
                <featured
                    jcr:created="{Date}2021-10-20T16:35:46.162Z"
                    jcr:createdBy="john.kalogiannides@digitalonsix.com"
                    jcr:description="&lt;p>Building on over a decade of climate change efforts&lt;/p>&#xd;&#xa;"
                    jcr:lastModified="{Date}2021-10-27T19:05:57.293Z"
                    jcr:lastModifiedBy="theresa.lee@digitalonsix.com"
                    jcr:primaryType="nt:unstructured"
                    jcr:title="Commiting to net-zero emissions by 2050"
                    sling:resourceType="otpp/components/cards/featured"
                    asset="/content/otpp/en_CA/members/news/invested/committing-to-net-zero-emissions-by-2050"
                    fileReference="/content/dam/otpp/images/AT-ContinuingToServeYou-banner.jpg"
                    headingTag="h3"
                    imageServerUrl="http://s7d1.scene7.com/is/image/"
                    right="{Boolean}false"
                    textIsRich="true"
                    type="page"/>
            </par>
        </herobanner>
        <maincontent
            jcr:lastModified="{Date}2021-07-21T14:53:40.252-04:00"
            jcr:lastModifiedBy="admin"
            jcr:primaryType="nt:unstructured"
            sling:resourceType="dos/components/paragraphsystems/generic">
            <list
                jcr:created="{Date}2021-10-27T14:08:20.871Z"
                jcr:createdBy="theresa.lee@digitalonsix.com"
                jcr:lastModified="{Date}2021-11-01T23:00:41.892Z"
                jcr:lastModifiedBy="Michelle_Ly@otpp.com"
                jcr:primaryType="nt:unstructured"
                jcr:title="Investment news"
                sling:resourceType="otpp/components/cards/list"
                autoplayButtonOutput="{Boolean}false"
                cardType="/apps/otpp/components/common/sly-templates/cardNews.html"
                exclude="/content/otpp/en_CA/members/news/invested/committing-to-net-zero-emissions-by-2050"
                headingTag="h2"
                hideTitle="{Boolean}false"
                layout="{Long}[3]"
                listType="list"
                loop="{Boolean}false"
                subTitle="Invested"
                textIsRich="true">
                <preFilter
                    jcr:primaryType="nt:unstructured"
                    assetClassAND="or"
                    ct="otpp:content-type/members-invested"
                    doNotSearch="{Boolean}false"
                    regionAND="or"/>
            </list>
        </maincontent>
        <image
            jcr:lastModified="{Date}2022-05-11T14:02:29.877Z"
            jcr:lastModifiedBy="eric_tai@otpp.com"
            jcr:primaryType="nt:unstructured"/>
        <video
            jcr:lastModified="{Date}2022-05-11T14:02:29.877Z"
            jcr:lastModifiedBy="eric_tai@otpp.com"
            jcr:primaryType="nt:unstructured"/>
    </jcr:content>
    <aroona-farms/>
    <atlantic-aqua-farms/>
    <committing-to-net-zero-emissions-by-2050/>
    <constellation-insurance-holdings/>
    <cubico/>
    <complyadvantage/>
    <kry-international/>
    <niif-of-india/>
    <sidewalk-infrastructure-partners/>
    <spacex/>
    <stepping-up-during-covid/>
</jcr:root>
