<?xml version="1.0" encoding="UTF-8"?>
<jcr:root xmlns:sling="http://sling.apache.org/jcr/sling/1.0" xmlns:cq="http://www.day.com/jcr/cq/1.0" xmlns:jcr="http://www.jcp.org/jcr/1.0" xmlns:mix="http://www.jcp.org/jcr/mix/1.0" xmlns:nt="http://www.jcp.org/jcr/nt/1.0"
    jcr:primaryType="cq:Page">
    <teachers-and-morgan-stanley-infrastructure-to-acquire-pseg-s-chilean-electricity-assets/>
    <evolving-roles-of-corporate-governance/>
    <statement-in-response-to-charges-against-visitor-to-teachers-/>
    <being/>
    <neil-petroff-to-succeed-robert-bertram-as-teachers-chief-investment-officer/>
    <investor-group-led-by-teachers-private-capital-and-providence-equity-partners-enter-into-final-agreement-with-bce/>
    <teachers-private-capital-wins-major-awards-from-private-equity-international/>
    <teachers-plans-84-million-nuvista-investment/>
    <teachers-earns-4-7-billion-in-investment-income-grows-net-assets-to-108-5-billion/>
    <ontario-teachers-pension-plan-and-morgan-stanley-infrastructure-complete-acquisition-of-saesa-group/>
    <response-to-supreme-court-bce-ruling/>
    <mid-year-update-august-19-2008/>
    <teachers-private-capital-completes-acquisition-of-aquilex/>
    <teachers-private-capital-acquires-aquilex-u-s-based-industrial-cleaning-repair-service-company/>
    <economic-club-of-toronto/>
    <bce-acquisition-inc-issues-statement-on-bce-announcement/>
    <canada-pension-leadership/>
    <teachers-pension-service-ranked-first-in-north-america/>
    <teachers-promotes-investment-managers-with-track-record-for-value-added-performance/>
    <solvency-condition-not-satisfied-purchaser-terminates-agreement-to-acquire-bce/>
    <morgan-stanley-infrastructure-y-ontario-teachers-pension-plan-anuncian-un-convenio-para-adquirir-los-activos-de-electricidad-chilenos-de-pseg/>
    <rakesh-gangwal-joins-teachers-private-capital-as-global-senior-advisor/>
    <_x002d_1-2-million-endowment-celebrates-teachers-investment-guru-on-his-retirement/>
    <_x0032_008-annual-general-meeting/>
    <cpp-investment-board-and-ontario-teachers-pension-plan-invest-us-400-million-in-chinese-private-equity-fund/>
    <jcr:content
        cq:lastModified="{Date}2022-05-26T13:32:23.276Z"
        cq:lastModifiedBy="eric_tai@otpp.com"
        cq:lastReplicated="{Date}2022-05-26T13:32:34.202Z"
        cq:lastReplicated_preview="{Date}2022-06-01T16:01:21.224Z"
        cq:lastReplicated_publish="{Date}2022-05-26T13:32:34.202Z"
        cq:lastReplicated_scene7="{Date}2021-10-28T04:43:45.838Z"
        cq:lastReplicatedBy="eric_tai@otpp.com"
        cq:lastReplicatedBy_preview="matthew_sadowski@otpp.com"
        cq:lastReplicatedBy_publish="eric_tai@otpp.com"
        cq:lastReplicatedBy_scene7="hakim.sadikali@digitalonsix.com"
        cq:lastReplicationAction="Activate"
        cq:lastReplicationAction_preview="Activate"
        cq:lastReplicationAction_publish="Activate"
        cq:lastReplicationAction_scene7="Activate"
        cq:template="/conf/otpp/settings/wcm/templates/l2"
        jcr:isCheckedOut="{Boolean}true"
        jcr:mixinTypes="[mix:versionable]"
        jcr:primaryType="cq:PageContent"
        jcr:title="News and Insights - 2008"
        jcr:uuid="be37998c-132e-4c62-a608-5845f63219b3"
        sling:resourceType="otpp/components/pages/l2"
        audience="[public,members]"
        contentType="otpp:content-type/bio"
        hideInSearch="false"
        navTitle="2008">
        <herobanner
            jcr:primaryType="nt:unstructured"
            sling:resourceType="otpp/components/components/herobanner"/>
        <maincontent
            jcr:lastModified="{Date}2021-07-21T14:53:40.252-04:00"
            jcr:lastModifiedBy="admin"
            jcr:primaryType="nt:unstructured"
            sling:resourceType="dos/components/paragraphsystems/generic">
            <section
                jcr:created="{Date}2021-07-21T11:43:21.419-04:00"
                jcr:createdBy="admin"
                jcr:lastModified="{Date}2021-07-21T11:43:21.419-04:00"
                jcr:lastModifiedBy="admin"
                jcr:primaryType="nt:unstructured"
                sling:resourceType="dos/components/components/section">
                <par
                    jcr:primaryType="nt:unstructured"
                    sling:resourceType="dos/components/paragraphsystems/generic">
                    <list
                        jcr:created="{Date}2021-10-02T18:32:28.496-04:00"
                        jcr:createdBy="admin"
                        jcr:lastModified="{Date}2022-03-25T22:50:52.893Z"
                        jcr:lastModifiedBy="satish.vijay@digitalonsix.com"
                        jcr:primaryType="nt:unstructured"
                        jcr:title="Corporate News - 2008"
                        sling:resourceType="otpp/components/cards/list"
                        autoplayButtonOutput="{Boolean}false"
                        cardType="/apps/otpp/components/common/sly-templates/cardNews.html"
                        headingTag="h2"
                        hideTitle="{Boolean}true"
                        layout="{Long}[3]"
                        limit="{Long}256"
                        listType="list"
                        loop="{Boolean}false"
                        paginate="{Long}256"
                        showLimit="{Long}24"
                        textIsRich="true">
                        <preFilter
                            jcr:primaryType="nt:unstructured"
                            assetClassAND="[or,or]"
                            ct="otpp:content-type/news-article"
                            ctAND="or"
                            dateFrom="{Date}2008-01-01T00:00:00.000-05:00"
                            dateTo="{Date}2009-01-01T00:00:00.000-05:00"
                            doNotSearch="{Boolean}false"
                            regionAND="[or,or]"
                            sort="originalPublished"/>
                    </list>
                </par>
            </section>
        </maincontent>
        <image
            jcr:lastModified="{Date}2022-05-26T13:32:23.254Z"
            jcr:lastModifiedBy="eric_tai@otpp.com"
            jcr:primaryType="nt:unstructured"/>
        <video
            jcr:lastModified="{Date}2022-05-26T13:32:23.254Z"
            jcr:lastModifiedBy="eric_tai@otpp.com"
            jcr:primaryType="nt:unstructured"/>
    </jcr:content>
    <test-insight/>
</jcr:root>
