<?xml version="1.0" encoding="UTF-8"?>
<jcr:root xmlns:sling="http://sling.apache.org/jcr/sling/1.0" xmlns:cq="http://www.day.com/jcr/cq/1.0" xmlns:jcr="http://www.jcp.org/jcr/1.0" xmlns:mix="http://www.jcp.org/jcr/mix/1.0" xmlns:nt="http://www.jcp.org/jcr/nt/1.0" xmlns:rep="internal"
    jcr:mixinTypes="[rep:AccessControllable]"
    jcr:primaryType="cq:Page">
    <jcr:content
        cq:lastModified="{Date}2022-10-20T19:19:54.861Z"
        cq:lastModifiedBy="eric_tai@otpp.com"
        cq:lastReplicated="{Date}2022-10-20T19:20:05.639Z"
        cq:lastReplicated_preview="{Date}2022-05-31T17:46:29.721Z"
        cq:lastReplicated_publish="{Date}2022-10-20T19:20:05.639Z"
        cq:lastReplicated_scene7="{Date}2021-11-04T19:59:37.372Z"
        cq:lastReplicatedBy="eric_tai@otpp.com"
        cq:lastReplicatedBy_preview="ramya.ramesh@digitalonsix.com"
        cq:lastReplicatedBy_publish="eric_tai@otpp.com"
        cq:lastReplicatedBy_scene7="disha.satish@digitalonsix.com"
        cq:lastReplicationAction="Activate"
        cq:lastReplicationAction_preview="Activate"
        cq:lastReplicationAction_publish="Activate"
        cq:lastReplicationAction_scene7="Activate"
        cq:template="/conf/otpp/settings/wcm/templates/l0"
        jcr:isCheckedOut="{Boolean}true"
        jcr:mixinTypes="[mix:versionable]"
        jcr:primaryType="cq:PageContent"
        jcr:title="Members"
        jcr:uuid="76e6cbaa-52dc-4d46-82ee-fa1788a014b1"
        sling:resourceType="otpp/components/pages/l0"
        contentType="otpp:content-type/bio"
        hideInSearch="false"
        legacyPath="/content/otpp/members"
        redirectTarget="https://mbrdev.otpp.com/members/my/">
        <herobanner
            jcr:primaryType="nt:unstructured"
            sling:resourceType="otpp/components/components/herobanner"/>
        <maincontent
            jcr:lastModified="{Date}2021-07-21T14:53:40.252-04:00"
            jcr:lastModifiedBy="admin"
            jcr:primaryType="nt:unstructured"
            sling:resourceType="dos/components/paragraphsystems/generic">
            <section
                jcr:created="{Date}2021-07-21T11:43:21.419-04:00"
                jcr:createdBy="admin"
                jcr:lastModified="{Date}2021-07-21T11:43:21.419-04:00"
                jcr:lastModifiedBy="admin"
                jcr:primaryType="nt:unstructured"
                sling:resourceType="dos/components/components/section">
                <par
                    jcr:primaryType="nt:unstructured"
                    sling:resourceType="dos/components/paragraphsystems/generic">
                    <image
                        jcr:created="{Date}2021-09-07T16:15:33.027Z"
                        jcr:createdBy="satish.vijay@digitalonsix.com"
                        jcr:lastModified="{Date}2021-09-07T16:15:33.027Z"
                        jcr:lastModifiedBy="satish.vijay@digitalonsix.com"
                        jcr:primaryType="nt:unstructured"
                        sling:resourceType="otpp/components/components/image"/>
                </par>
            </section>
        </maincontent>
        <image
            jcr:lastModified="{Date}2022-10-20T19:19:54.839Z"
            jcr:lastModifiedBy="eric_tai@otpp.com"
            jcr:primaryType="nt:unstructured"/>
        <video
            jcr:lastModified="{Date}2022-10-20T19:19:54.839Z"
            jcr:lastModifiedBy="eric_tai@otpp.com"
            jcr:primaryType="nt:unstructured"/>
    </jcr:content>
    <life-events/>
    <navigation/>
    <preparing-to-retire/>
    <your-account/>
    <planning-tools-and-resources/>
    <news/>
</jcr:root>
