<?xml version="1.0" encoding="UTF-8"?>
<jcr:root xmlns:sling="http://sling.apache.org/jcr/sling/1.0" xmlns:cq="http://www.day.com/jcr/cq/1.0" xmlns:jcr="http://www.jcp.org/jcr/1.0" xmlns:mix="http://www.jcp.org/jcr/mix/1.0" xmlns:nt="http://www.jcp.org/jcr/nt/1.0"
    jcr:primaryType="cq:Page">
    <ontario-amendment-to-teachers-pension-act-shows-foresight/>
    <teachers-responds-to-ontario-expert-commission-on-pensions/>
    <teachers-statement-re-moneysupermarket-com-group-plc/>
    <teachers-13f-confirms-3-3-holding-of-petro-canada-shares/>
    <teachers-urges-boards-to-maintain-long-term-focus-for-compensation-plans/>
    <teachers-speaks-to-fellow-chesapeake-energy-shareholders-we-intend-to-withhold-votes-for-conflicted-directors-and-support-shareholder-proposals/>
    <teachers-ceo-honoured-for-commitment-to-public-education/>
    <in-the-wake-of-the-economic-crisis-renewing-the-corporate-governance-imperative/>
    <teachers-urges-regulators-to-protect-shareholders-rights-in-corporate-mergers/>
    <teachers-wins-2008-dealmakers-award-for-saesa-transaction/>
    <teachers-confirms-maple-leaf-foods-disclosure-notes-formal-shareholder-agreement-with-mccain-capital-corp-no-longer-needed/>
    <canada-pension-plan-investment-board-and-ontario-teachers-pension-plan-confirm-indicative-proposal-to-acquire-transurban/>
    <pension-security-replacing-a-myopic-tradition-with-far-sighted-reform/>
    <teachers-offers-views-to-federal-finance-department/>
    <toronto-as-global-retirement-financing-solutions-hub/>
    <_x0032_009-annual-general-meeting/>
    <teachers-law-department-wins-global-counsel-award/>
    <eileen-mercier-re-appointed-as-board-chair/>
    <teachers-executives-honoured/>
    <teachers-private-capital-named-best-private-equity-firm-in-canada/>
    <time-and-money-better-spent-abolish-30-rule-/>
    <teachers-to-purchase-ctvglobemedia-stake-in-maple-leaf-sports-entertainment/>
    <teachers-executive-named-one-of-canada-s-top-40-under-40-/>
    <ontario-teachers-pension-plan-closes-transaction-to-increase-stake-in-bristol-international-airport/>
    <ontario-teachers-investment-positive-for-bristol-international/>
    <simmons-announces-restructuring-plan/>
    <diversification-strategy-fails-to-avert-losses-investment-return-18-assets-down-to-87-4-billion/>
    <jcr:content
        cq:lastModified="{Date}2022-05-26T13:32:10.831Z"
        cq:lastModifiedBy="eric_tai@otpp.com"
        cq:lastReplicated="{Date}2022-05-26T13:32:34.202Z"
        cq:lastReplicated_preview="{Date}2022-06-01T16:01:21.224Z"
        cq:lastReplicated_publish="{Date}2022-05-26T13:32:34.202Z"
        cq:lastReplicated_scene7="{Date}2021-10-28T04:43:26.687Z"
        cq:lastReplicatedBy="eric_tai@otpp.com"
        cq:lastReplicatedBy_preview="matthew_sadowski@otpp.com"
        cq:lastReplicatedBy_publish="eric_tai@otpp.com"
        cq:lastReplicatedBy_scene7="hakim.sadikali@digitalonsix.com"
        cq:lastReplicationAction="Activate"
        cq:lastReplicationAction_preview="Activate"
        cq:lastReplicationAction_publish="Activate"
        cq:lastReplicationAction_scene7="Activate"
        cq:template="/conf/otpp/settings/wcm/templates/l2"
        jcr:isCheckedOut="{Boolean}true"
        jcr:mixinTypes="[mix:versionable]"
        jcr:primaryType="cq:PageContent"
        jcr:title="News and Insights - 2009"
        jcr:uuid="77fdea17-e234-4749-a2d6-be1f597a0159"
        sling:resourceType="otpp/components/pages/l2"
        audience="[public,members]"
        contentType="otpp:content-type/bio"
        hideInSearch="false"
        navTitle="2009">
        <herobanner
            jcr:primaryType="nt:unstructured"
            sling:resourceType="otpp/components/components/herobanner"/>
        <maincontent
            jcr:lastModified="{Date}2021-07-21T14:53:40.252-04:00"
            jcr:lastModifiedBy="admin"
            jcr:primaryType="nt:unstructured"
            sling:resourceType="dos/components/paragraphsystems/generic">
            <section
                jcr:created="{Date}2021-07-21T11:43:21.419-04:00"
                jcr:createdBy="admin"
                jcr:lastModified="{Date}2021-07-21T11:43:21.419-04:00"
                jcr:lastModifiedBy="admin"
                jcr:primaryType="nt:unstructured"
                sling:resourceType="dos/components/components/section">
                <par
                    jcr:primaryType="nt:unstructured"
                    sling:resourceType="dos/components/paragraphsystems/generic">
                    <list
                        jcr:created="{Date}2021-10-02T18:32:28.496-04:00"
                        jcr:createdBy="admin"
                        jcr:lastModified="{Date}2021-10-11T12:09:15.019-04:00"
                        jcr:lastModifiedBy="admin"
                        jcr:primaryType="nt:unstructured"
                        jcr:title="Corporate News - 2008"
                        sling:resourceType="otpp/components/cards/list"
                        autoplayButtonOutput="{Boolean}false"
                        cardType="/apps/otpp/components/common/sly-templates/cardNews.html"
                        headingTag="h2"
                        hideTitle="{Boolean}true"
                        layout="{Long}[3]"
                        limit="{Long}256"
                        listType="list"
                        loadMoreStrategy="none"
                        loop="{Boolean}false"
                        paginate="{Long}256"
                        showLimit="{Long}24"
                        textIsRich="true">
                        <preFilter
                            jcr:primaryType="nt:unstructured"
                            assetClassAND="or"
                            ct="otpp:content-type/news-article"
                            dateFrom="{Date}2009-01-01T00:00:00.000-05:00"
                            dateTo="{Date}2010-01-01T00:00:00.000-05:00"
                            doNotSearch="{Boolean}false"
                            regionAND="or"
                            sort="originalPublished"/>
                    </list>
                </par>
            </section>
        </maincontent>
        <image
            jcr:lastModified="{Date}2022-05-26T13:32:10.812Z"
            jcr:lastModifiedBy="eric_tai@otpp.com"
            jcr:primaryType="nt:unstructured"/>
        <video
            jcr:lastModified="{Date}2022-05-26T13:32:10.812Z"
            jcr:lastModifiedBy="eric_tai@otpp.com"
            jcr:primaryType="nt:unstructured"/>
    </jcr:content>
</jcr:root>
