<?xml version="1.0" encoding="UTF-8"?>
<jcr:root xmlns:sling="http://sling.apache.org/jcr/sling/1.0" xmlns:cq="http://www.day.com/jcr/cq/1.0" xmlns:jcr="http://www.jcp.org/jcr/1.0" xmlns:mix="http://www.jcp.org/jcr/mix/1.0" xmlns:nt="http://www.jcp.org/jcr/nt/1.0"
    jcr:primaryType="cq:Page">
    <canadian-public-relations-society-ceo-of-the-year-award/>
    <teachers-private-capital-to-acquire-majority-stake-in-flexera-software/>
    <maple-group-acquisition-corporation-announces-intention-to-commence-offer-to-acquire-tmx-group/>
    <teachers-private-capital-participates-in-acquisition-of-blue-coat-systems/>
    <comments-to-ontario-securities-commission-related-to-regulation-of-voting-in-uncontested-director-elections-advisory-votes-on-executive-compensation-a/>
    <teachers-turns-in-14-3-rate-of-return-net-assets-hit-107-5-billion-but-funding-challenges-remain/>
    <jim-leech-receives-ceo-award-of-excellence/>
    <teachers-signs-on-to-un-backed-principles-for-responsible-investment/>
    <nine-leading-canadian-financial-institutions-and-pension-funds-submit-proposal-to-acquire-tmx-group-in-transaction-valued-at-approximately-3-6-billion/>
    <teachers-invests-in-premier-european-airports/>
    <response-to-toronto-stock-exchange-on-proposed-amendments-related-to-director-elections-including-majority-voting-/>
    <governance-research-committees-show-10-year-improvement/>
    <how-we-invest-videos/>
    <teachers-streamlines-mlse-process-with-proposed-acquisition-of-td-capital-group-shares-in-mlse/>
    <teachers-comments-on-supreme-court-decision-re-proposed-canadian-securities-act/>
    <comments-to-canadian-securities-administrators-relate-to-proposed-amendments-to-form-51-102f6-statement-of-executive-compensation/>
    <teachers-to-purchase-leading-parking-management-company/>
    <governance-comment-teachers-files-compliance-statement-for-uk-stewardship-code/>
    <teachers-to-hold-its-mlse-ownership-stake/>
    <teachers-announces-sale-of-mlse-majority-interest-to-two-leading-canadian-corporations/>
    <teachers-private-capital-completes-acquisition-of-majority-stake-in-flexera-software/>
    <considering-mlse-auction-teachers-confirms/>
    <letter-to-economic-advisory-council-to-the-prime-minister-india-expresses-support-for-asian-corporate-governance-association-s-views-on-the-recommenda/>
    <clarkson-centre-compensation-committee-report/>
    <_x0032_011-association-for-financial-professionals-of-canada-s-treasury-management-forum/>
    <comments-to-singapore-exchange-relate-to-proposed-rule-changes-on-general-meeting-to-increase-shareholder-engagement-and-enhance-corporate-governance/>
    <letter-to-united-states-securities-and-exchange-commission-relates-to-file-no-4-600-work-plan-for-the-consideration-of-incorporation-of-international-/>
    <comments-to-autorite-des-marches-financiers-and-ontario-securities-commission-relate-to-maple-group-offer-for-tmx-group/>
    <governance-comment-teachers-annual-review-of-emerging-issu-1/>
    <teachers-increases-stakes-in-chile-water-utilities/>
    <teachers-to-bid-for-increased-stakes-in-chile-water-utilities/>
    <teachers-private-capital-to-be-inducted-into-private-equity-hall-of-fame/>
    <comments-to-the-monetary-authority-of-singapore-expresses-support-for-asian-corporate-governance-association-s-views-on-proposed-revision-to-the-code-/>
    <clarkson-centre-audit-committee-report/>
    <jcr:content
        cq:lastModified="{Date}2022-05-26T13:31:54.434Z"
        cq:lastModifiedBy="eric_tai@otpp.com"
        cq:lastReplicated="{Date}2022-05-26T13:32:34.202Z"
        cq:lastReplicated_preview="{Date}2022-06-01T16:01:30.474Z"
        cq:lastReplicated_publish="{Date}2022-05-26T13:32:34.202Z"
        cq:lastReplicated_scene7="{Date}2021-10-28T04:42:15.815Z"
        cq:lastReplicatedBy="eric_tai@otpp.com"
        cq:lastReplicatedBy_preview="matthew_sadowski@otpp.com"
        cq:lastReplicatedBy_publish="eric_tai@otpp.com"
        cq:lastReplicatedBy_scene7="hakim.sadikali@digitalonsix.com"
        cq:lastReplicationAction="Activate"
        cq:lastReplicationAction_preview="Activate"
        cq:lastReplicationAction_publish="Activate"
        cq:lastReplicationAction_scene7="Activate"
        cq:template="/conf/otpp/settings/wcm/templates/l2"
        jcr:isCheckedOut="{Boolean}true"
        jcr:mixinTypes="[mix:versionable]"
        jcr:primaryType="cq:PageContent"
        jcr:title="News and Insights - 2011"
        jcr:uuid="d9d6779d-be41-4f1a-8418-ef4e94909dba"
        sling:resourceType="otpp/components/pages/l2"
        audience="[public,members]"
        contentType="otpp:content-type/bio"
        hideInSearch="false"
        navTitle="2011">
        <herobanner
            jcr:primaryType="nt:unstructured"
            sling:resourceType="otpp/components/components/herobanner"/>
        <maincontent
            jcr:lastModified="{Date}2021-07-21T14:53:40.252-04:00"
            jcr:lastModifiedBy="admin"
            jcr:primaryType="nt:unstructured"
            sling:resourceType="dos/components/paragraphsystems/generic">
            <section
                jcr:created="{Date}2021-07-21T11:43:21.419-04:00"
                jcr:createdBy="admin"
                jcr:lastModified="{Date}2021-07-21T11:43:21.419-04:00"
                jcr:lastModifiedBy="admin"
                jcr:primaryType="nt:unstructured"
                sling:resourceType="dos/components/components/section">
                <par
                    jcr:primaryType="nt:unstructured"
                    sling:resourceType="dos/components/paragraphsystems/generic">
                    <list
                        jcr:created="{Date}2021-10-02T18:32:28.496-04:00"
                        jcr:createdBy="admin"
                        jcr:lastModified="{Date}2021-10-11T12:09:15.019-04:00"
                        jcr:lastModifiedBy="admin"
                        jcr:primaryType="nt:unstructured"
                        jcr:title="Corporate News - 2008"
                        sling:resourceType="otpp/components/cards/list"
                        autoplayButtonOutput="{Boolean}false"
                        cardType="/apps/otpp/components/common/sly-templates/cardNews.html"
                        headingTag="h2"
                        hideTitle="{Boolean}true"
                        layout="{Long}[3]"
                        limit="{Long}256"
                        listType="list"
                        loadMoreStrategy="none"
                        loop="{Boolean}false"
                        paginate="{Long}256"
                        showLimit="{Long}24"
                        textIsRich="true">
                        <preFilter
                            jcr:primaryType="nt:unstructured"
                            assetClassAND="or"
                            ct="otpp:content-type/news-article"
                            dateFrom="{Date}2011-01-01T00:00:00.000-05:00"
                            dateTo="{Date}2012-01-01T00:00:00.000-05:00"
                            doNotSearch="{Boolean}false"
                            regionAND="or"
                            sort="originalPublished"/>
                    </list>
                </par>
            </section>
        </maincontent>
        <image
            jcr:lastModified="{Date}2022-05-26T13:31:54.413Z"
            jcr:lastModifiedBy="eric_tai@otpp.com"
            jcr:primaryType="nt:unstructured"/>
        <video
            jcr:lastModified="{Date}2022-05-26T13:31:54.413Z"
            jcr:lastModifiedBy="eric_tai@otpp.com"
            jcr:primaryType="nt:unstructured"/>
    </jcr:content>
</jcr:root>
