<?xml version="1.0" encoding="UTF-8"?>
<jcr:root xmlns:sling="http://sling.apache.org/jcr/sling/1.0" xmlns:cq="http://www.day.com/jcr/cq/1.0" xmlns:jcr="http://www.jcp.org/jcr/1.0" xmlns:mix="http://www.jcp.org/jcr/mix/1.0" xmlns:nt="http://www.jcp.org/jcr/nt/1.0"
    jcr:primaryType="cq:Page">
    <jcr:content
        cq:lastModified="{Date}2022-05-17T15:58:56.757Z"
        cq:lastModifiedBy="Ryan_Chau@otpp.com"
        cq:lastReplicated="{Date}2022-05-17T15:59:03.359Z"
        cq:lastReplicated_publish="{Date}2022-05-17T15:59:03.359Z"
        cq:lastReplicated_scene7="{Date}2022-05-17T15:59:03.359Z"
        cq:lastReplicatedBy="Ryan_Chau@otpp.com"
        cq:lastReplicatedBy_publish="Ryan_Chau@otpp.com"
        cq:lastReplicatedBy_scene7="Ryan_Chau@otpp.com"
        cq:lastReplicationAction="Activate"
        cq:lastReplicationAction_publish="Activate"
        cq:lastReplicationAction_scene7="Activate"
        cq:template="/conf/otpp/settings/wcm/templates/l2"
        jcr:description="Most recent plan updates, top stories and latest news "
        jcr:isCheckedOut="{Boolean}true"
        jcr:mixinTypes="[mix:versionable]"
        jcr:primaryType="cq:PageContent"
        jcr:title="Plan updates and news"
        jcr:uuid="60d72fa4-95b3-49e9-96bc-43cd8cc654ce"
        sling:resourceType="otpp/components/pages/l2"
        accessibilityTitle="Read about the most recent plan updates, top stories and latest news "
        contentType="otpp:content-type/bio"
        hideInSearch="false"
        legacyPath="[/content/otpp/members/cms/en/news,/content/otpp/pnol,/content/otpp/pensionnewsonline,/content/otpp/members/pension-news-online,/content/otpp/whatsnew,/content/otpp/members/cms/en/news/archive/2019/class-of-2019,/content/otpp/members/cms/en/news/pensionwise,/content/otpp/members/cms/en/news/archive/2011,/content/otpp/members/cms/en/news/archive/2012,/content/otpp/members/cms/en/news/archive/2013,/content/otpp/members/cms/en/news/archive/2014,/content/otpp/members/cms/en/news/archive/2015,/content/otpp/members/cms/en/news/archive/2016,/content/otpp/members/cms/en/news/archive/2017,/content/otpp/members/cms/en/news/archive/2018,/content/otpp/members/cms/en/news/archive/2019,/content/otpp/members/cms/en/news/archive/2020,/content/otpp/members/cms/en/news/archive/2021]"
        pageTitle="Plan updates and news"
        seoTitle="Plan updates and news">
        <herobanner
            jcr:lastModified="{Date}2021-10-27T14:07:55.435Z"
            jcr:lastModifiedBy="ramya.ramesh@digitalonsix.com"
            jcr:primaryType="nt:unstructured"
            sling:resourceType="otpp/components/components/herobanner"
            displayGrey="false"
            subTitle="Discover the latest plan updates, top stories and notable news"
            variant="v6">
            <par
                jcr:primaryType="nt:unstructured"
                sling:resourceType="dos/components/paragraphsystems/generic">
                <featured
                    jcr:created="{Date}2021-10-27T14:08:01.686Z"
                    jcr:createdBy="ramya.ramesh@digitalonsix.com"
                    jcr:lastModified="{Date}2022-05-17T15:58:33.203Z"
                    jcr:lastModifiedBy="Ryan_Chau@otpp.com"
                    jcr:primaryType="nt:unstructured"
                    sling:resourceType="otpp/components/cards/featured"
                    asset="/content/otpp/en_CA/members/news/plan-updates-and-news/plan-change-to-allow-purchases-for-some-reduced-workloads"
                    headingTag="h3"
                    right="{Boolean}false"
                    textIsRich="true"
                    type="page"/>
            </par>
        </herobanner>
        <maincontent
            jcr:lastModified="{Date}2021-07-21T14:53:40.252-04:00"
            jcr:lastModifiedBy="admin"
            jcr:primaryType="nt:unstructured"
            sling:resourceType="dos/components/paragraphsystems/generic">
            <list
                jcr:created="{Date}2021-10-27T18:19:42.363Z"
                jcr:createdBy="ramya.ramesh@digitalonsix.com"
                jcr:lastModified="{Date}2022-05-17T15:58:56.737Z"
                jcr:lastModifiedBy="Ryan_Chau@otpp.com"
                jcr:primaryType="nt:unstructured"
                jcr:title="Plan updates and news"
                sling:resourceType="otpp/components/cards/list"
                autoplayButtonOutput="{Boolean}false"
                cardType="/apps/otpp/components/common/sly-templates/cardNews.html"
                exclude="/content/otpp/en_CA/members/news/plan-updates-and-news/plan-change-to-allow-purchases-for-some-reduced-workloads"
                headingTag="h3"
                hideTitle="{Boolean}false"
                layout="{Long}[3]"
                listType="list"
                loop="{Boolean}false"
                subTitle="Stay informed"
                textIsRich="true">
                <preFilter
                    jcr:primaryType="nt:unstructured"
                    assetClassAND="[or,or]"
                    ct="otpp:content-type/members-plan-updates-and-news"
                    ctAND="or"
                    doNotSearch="{Boolean}false"
                    regionAND="[or,or]"/>
            </list>
        </maincontent>
        <image
            jcr:lastModified="{Date}2022-05-13T18:09:24.702Z"
            jcr:lastModifiedBy="eric_tai@otpp.com"
            jcr:primaryType="nt:unstructured"
            fileReference="/content/dam/otpp/images/images4/L2-DoYourResearch-banner1.jpg"
            imageServerUrl="http://s7d1.scene7.com/is/image/"/>
        <video
            jcr:lastModified="{Date}2022-05-13T18:09:24.702Z"
            jcr:lastModifiedBy="eric_tai@otpp.com"
            jcr:primaryType="nt:unstructured"/>
    </jcr:content>
    <_x0032_021-pension-pay-days/>
    <continuing-to-serve-you/>
    <gearing-up-for-your-moment/>
    <march-break-postponement-and-your-pension/>
    <upcoming-virtual-presentations/>
    <how-a-strike-affects-your-pension/>
    <our-new-website-is-here/>
    <plan-change-to-allow-purchases-for-some-reduced-workloads/>
    <_x0032_021-holiday-closure/>
    <url-in-english/>
    <annual-meeting-videos-and-info-about-our-live-q-a-/>
    <your-personal-correspondence-is-going-paperless/>
</jcr:root>
