<?xml version="1.0" encoding="UTF-8"?>
<jcr:root xmlns:sling="http://sling.apache.org/jcr/sling/1.0" xmlns:cq="http://www.day.com/jcr/cq/1.0" xmlns:jcr="http://www.jcp.org/jcr/1.0" xmlns:mix="http://www.jcp.org/jcr/mix/1.0" xmlns:nt="http://www.jcp.org/jcr/nt/1.0"
    jcr:primaryType="cq:Page">
    <governance-comment-teachers-annual-review-of-emerging-issu-3/>
    <meif-agrees-to-sell-bristol-airport-stake-to-teachers-/>
    <appointment-notice-rosemarie-mcclean/>
    <ontario-teachers-pension-plan-agrees-to-acquire-a-minority-stake-in-pamplona-capital-s-csc-serviceworks/>
    <ontario-teachers-pension-plan-agrees-to-acquire-bridon-limited/>
    <ontario-teachers-to-acquire-pods/>
    <joint-statement-to-un-on-climate-resilient-infrastructure-investments/>
    <joint-response-to-pri-governance-review-follow-up-to-march-1-response-/>
    <response-to-industry-canada-s-consultation-on-the-canada-business-corporations-act/>
    <joint-response-to-pri-re-governance-structure/>
    <surplus-funds-will-help-restore-inflation-protection-for-retired-teachers/>
    <ontario-teachers-pension-plan-appoints-jo-taylor-as-managing-director-for-emea/>
    <ontario-teachers-pension-plan-group-completes-agreements-to-operate-irish-national-lottery/>
    <ontario-teachers-psp-investments-and-santander-partner-on-global-renewable-energy-and-water-portfolio/>
    <clarkson-centre-ceo-chair-structure-in-canada-and-u-s/>
    <appointment-notice-rossana-di-lieto/>
    <ontario-teachers-pension-plan-announces-ge-aviation-strategic-partnership/>
    <endorsement-of-asian-corporate-governance-association-acga-submission-on-weighted-voting-rights-in-hong-kong/>
    <wind-point-and-teachers-portfolio-company-shearer-s-foods-signs-agreement-to-acquire-lance-private-brands/>
    <appointment-notice-ron-mock/>
    <appointment-notice-ken-manget-and-hersh-joshi/>
    <new-chair-for-the-ontario-teachers-pension-plan/>
    <position-of-chief-operations-officer-coo-created-at-teachers-/>
    <flynn-restaurant-group-receives-strategic-investment-from-ontario-teachers-pension-plan/>
    <ontario-teachers-pension-plan-and-swander-pace-capital-selling-insight-pharmaceuticals/>
    <teachers-announces-new-senior-vice-president-member-services/>
    <ontario-teachers-pension-plan-to-sell-its-stake-in-northern-star-generation/>
    <bill-chinery-and-john-murray-appointed-to-teachers-board-of-directors/>
    <jeff-davis-named-general-counsel-of-ontario-teachers-pension-plan/>
    <ontario-teachers-increases-stake-in-birmingham-airport/>
    <ontario-teachers-pension-plan-achieves-10-9-return-for-20-1/>
    <psp-investments-gic-and-ontario-teachers-pension-plan-agree-to-invest-700-million-in-xpo-logistics/>
    <appointment-notice-jeff-davis/>
    <the-future-of-pensions-innovative-agile-and-global/>
    <council-of-institutional-investors-letter-to-u-s-securities-and-exchange-commission-to-facilitate-the-use-of-universal-proxy-cards/>
    <first-american-payment-systems-to-be-acquired-by-group-led-by-ontario-teachers-pension-plan/>
    <jcr:content
        cq:lastModified="{Date}2022-05-26T13:31:21.963Z"
        cq:lastModifiedBy="eric_tai@otpp.com"
        cq:lastReplicated="{Date}2022-05-26T13:31:26.965Z"
        cq:lastReplicated_preview="{Date}2022-06-01T16:01:39.371Z"
        cq:lastReplicated_publish="{Date}2022-05-26T13:31:26.965Z"
        cq:lastReplicatedBy="eric_tai@otpp.com"
        cq:lastReplicatedBy_preview="matthew_sadowski@otpp.com"
        cq:lastReplicatedBy_publish="eric_tai@otpp.com"
        cq:lastReplicationAction="Activate"
        cq:lastReplicationAction_preview="Activate"
        cq:lastReplicationAction_publish="Activate"
        cq:template="/conf/otpp/settings/wcm/templates/l2"
        jcr:isCheckedOut="{Boolean}true"
        jcr:mixinTypes="[mix:versionable]"
        jcr:primaryType="cq:PageContent"
        jcr:title="News and Insights - 2014"
        jcr:uuid="1d80c2fc-d92d-434c-b8bc-d1d71e7432ec"
        sling:resourceType="otpp/components/pages/l2"
        audience="[public,members]"
        contentType="otpp:content-type/bio"
        hideInSearch="false"
        navTitle="2014">
        <herobanner
            jcr:primaryType="nt:unstructured"
            sling:resourceType="otpp/components/components/herobanner"/>
        <maincontent
            jcr:lastModified="{Date}2021-07-21T14:53:40.252-04:00"
            jcr:lastModifiedBy="admin"
            jcr:primaryType="nt:unstructured"
            sling:resourceType="dos/components/paragraphsystems/generic">
            <section
                jcr:created="{Date}2021-07-21T11:43:21.419-04:00"
                jcr:createdBy="admin"
                jcr:lastModified="{Date}2021-07-21T11:43:21.419-04:00"
                jcr:lastModifiedBy="admin"
                jcr:primaryType="nt:unstructured"
                sling:resourceType="dos/components/components/section">
                <par
                    jcr:primaryType="nt:unstructured"
                    sling:resourceType="dos/components/paragraphsystems/generic">
                    <list
                        jcr:created="{Date}2021-10-02T18:32:28.496-04:00"
                        jcr:createdBy="admin"
                        jcr:lastModified="{Date}2021-10-11T12:09:15.019-04:00"
                        jcr:lastModifiedBy="admin"
                        jcr:primaryType="nt:unstructured"
                        jcr:title="Corporate News - 2008"
                        sling:resourceType="otpp/components/cards/list"
                        autoplayButtonOutput="{Boolean}false"
                        cardType="/apps/otpp/components/common/sly-templates/cardNews.html"
                        headingTag="h2"
                        hideTitle="{Boolean}true"
                        layout="{Long}[3]"
                        limit="{Long}256"
                        listType="list"
                        loadMoreStrategy="none"
                        loop="{Boolean}false"
                        paginate="{Long}256"
                        showLimit="{Long}24"
                        textIsRich="true">
                        <preFilter
                            jcr:primaryType="nt:unstructured"
                            assetClassAND="or"
                            ct="otpp:content-type/news-article"
                            dateFrom="{Date}2014-01-01T00:00:00.000-05:00"
                            dateTo="{Date}2015-01-01T00:00:00.000-05:00"
                            doNotSearch="{Boolean}false"
                            regionAND="or"
                            sort="originalPublished"/>
                    </list>
                </par>
            </section>
        </maincontent>
        <image
            jcr:lastModified="{Date}2022-05-26T13:31:21.944Z"
            jcr:lastModifiedBy="eric_tai@otpp.com"
            jcr:primaryType="nt:unstructured"/>
        <video
            jcr:lastModified="{Date}2022-05-26T13:31:21.944Z"
            jcr:lastModifiedBy="eric_tai@otpp.com"
            jcr:primaryType="nt:unstructured"/>
    </jcr:content>
</jcr:root>
