<?xml version="1.0" encoding="UTF-8"?>
<jcr:root xmlns:sling="http://sling.apache.org/jcr/sling/1.0" xmlns:cq="http://www.day.com/jcr/cq/1.0" xmlns:jcr="http://www.jcp.org/jcr/1.0" xmlns:mix="http://www.jcp.org/jcr/mix/1.0" xmlns:nt="http://www.jcp.org/jcr/nt/1.0"
    jcr:primaryType="cq:Page">
    <canbriam-energy-inc-announces-150-million-equity-investment-by-ontario-teachers-pension-plan/>
    <leadership-in-pension-funding-innovation-adapting-to-today-s-demographic-reality/>
    <teachers-appoints-head-of-london-private-equity-office/>
    <teachers-to-acquire-majority-stake-in-helly-hansen-iconic-norway-based-outdoor-apparel-brand/>
    <letter-to-stock-exchange-of-hong-kong-expresses-support-for-asian-corporate-governance-association-s-view-on-the-consultation-paper-on-board-diversity/>
    <comments-to-toronto-stock-exchange-relate-to-proposed-amendments-to-part-iv-of-the-tsx-company-manual/>
    <teachers-acquires-plano-molding-company-leading-supplier-to-the-outdoor-enthusiast-market/>
    <investor-group-and-bell-to-acquire-canadian-data-centre-operator-q9-networks/>
    <teachers-completes-1-32-billion-sale-of-mlse/>
    <clarkson-centre-majority-voting-report/>
    <teachers-acquires-majority-stake-in-u-s-insurance-brokerage-holding-company/>
    <teachers-eileen-mercier-and-jane-rowe-named-among-canada-s-top-100-most-powerful-women/>
    <teachers-set-to-score-with-73-million-offer-for-goals-soccer-centres/>
    <sydney-desalination-plant-deal-wins-infrastructure-award/>
    <teachers-sells-stake-in-express-pipeline-system/>
    <wind-point-and-teachers-close-acquisition-of-leading-u-s-snack-food-producer/>
    <clarkson-centre-auditor-independence-report/>
    <_x0031_1-2-rate-of-return-boosts-teachers-net-assets-to-all-time-high-of-117-1-billion/>
    <leadership-in-pension-funding-innovation-adapting-to-today-s-demographic-reali-1/>
    <eileen-mercier-addresses-otf-board-of-governors-annual-meeting/>
    <governance-comment-csa-amendments-re-executive-compensation/>
    <teachers-completes-us-400-million-investment-in-leading-korean-insurance-company/>
    <teachers-to-acquire-majority-interest-in-premier-u-s-dental-service-organization/>
    <advent-international-to-acquire-majority-interest-in-serta-simmons-bedding/>
    <updated-governance-and-proxy-voting-guidelines-available/>
    <pension-leaders-urge-action-on-pension-coverage-and-cost/>
    <teachers-and-kirkbi-make-eur-500-million-equity-investment-in-iss/>
    <canadian-investor-group-completes-acquisition-of-aig-s-canadian-mortgage-insurance-company/>
    <teachers-applauds-morneau-recommendations-although-declining-opportunity-to-manage-third-party-assets/>
    <letter-to-japan-s-ministry-of-justice-expresses-support-for-asian-corporate-governance-association-s-views-on-proposed-revisions-to-legislation-/>
    <annual-reporting-2011-videos/>
    <bob-bertram-receives-fellowship-award-from-institute-of-corporate-directors/>
    <canada-hosts-global-corporate-governance-summit-for-first-time/>
    <comments-to-ontario-securities-commission-relate-to-facilitating-shareholder-empowerment-improving-the-proxy-voting-system-and-effective-enforcement-a/>
    <teachers-plans-asian-regional-office-in-hong-kong/>
    <comments-to-canadian-securities-administrators-relate-to-consultation-paper-25-401-regulation-of-proxy-advisors/>
    <teachers-and-hastings-enter-agreement-for-50-year-lease-of-australian-desalination-plant/>
    <jcr:content
        cq:lastModified="{Date}2022-05-26T13:31:46.100Z"
        cq:lastModifiedBy="eric_tai@otpp.com"
        cq:lastReplicated="{Date}2022-05-26T13:32:34.202Z"
        cq:lastReplicated_preview="{Date}2022-06-01T16:01:30.474Z"
        cq:lastReplicated_publish="{Date}2022-05-26T13:32:34.202Z"
        cq:lastReplicated_scene7="{Date}2021-10-28T04:41:50.746Z"
        cq:lastReplicatedBy="eric_tai@otpp.com"
        cq:lastReplicatedBy_preview="matthew_sadowski@otpp.com"
        cq:lastReplicatedBy_publish="eric_tai@otpp.com"
        cq:lastReplicatedBy_scene7="hakim.sadikali@digitalonsix.com"
        cq:lastReplicationAction="Activate"
        cq:lastReplicationAction_preview="Activate"
        cq:lastReplicationAction_publish="Activate"
        cq:lastReplicationAction_scene7="Activate"
        cq:template="/conf/otpp/settings/wcm/templates/l2"
        jcr:isCheckedOut="{Boolean}true"
        jcr:mixinTypes="[mix:versionable]"
        jcr:primaryType="cq:PageContent"
        jcr:title="News and Insights - 2012"
        jcr:uuid="4de40893-4f83-4f71-956d-22c1d133aa40"
        sling:resourceType="otpp/components/pages/l2"
        audience="[public,members]"
        contentType="otpp:content-type/bio"
        hideInSearch="false"
        navTitle="2012">
        <herobanner
            jcr:primaryType="nt:unstructured"
            sling:resourceType="otpp/components/components/herobanner"/>
        <maincontent
            jcr:lastModified="{Date}2021-07-21T14:53:40.252-04:00"
            jcr:lastModifiedBy="admin"
            jcr:primaryType="nt:unstructured"
            sling:resourceType="dos/components/paragraphsystems/generic">
            <section
                jcr:created="{Date}2021-07-21T11:43:21.419-04:00"
                jcr:createdBy="admin"
                jcr:lastModified="{Date}2021-07-21T11:43:21.419-04:00"
                jcr:lastModifiedBy="admin"
                jcr:primaryType="nt:unstructured"
                sling:resourceType="dos/components/components/section">
                <par
                    jcr:primaryType="nt:unstructured"
                    sling:resourceType="dos/components/paragraphsystems/generic">
                    <list
                        jcr:created="{Date}2021-10-02T18:32:28.496-04:00"
                        jcr:createdBy="admin"
                        jcr:lastModified="{Date}2021-10-11T12:09:15.019-04:00"
                        jcr:lastModifiedBy="admin"
                        jcr:primaryType="nt:unstructured"
                        jcr:title="Corporate News - 2008"
                        sling:resourceType="otpp/components/cards/list"
                        autoplayButtonOutput="{Boolean}false"
                        cardType="/apps/otpp/components/common/sly-templates/cardNews.html"
                        headingTag="h2"
                        hideTitle="{Boolean}true"
                        layout="{Long}[3]"
                        limit="{Long}256"
                        listType="list"
                        loadMoreStrategy="none"
                        loop="{Boolean}false"
                        paginate="{Long}256"
                        showLimit="{Long}24"
                        textIsRich="true">
                        <preFilter
                            jcr:primaryType="nt:unstructured"
                            assetClassAND="or"
                            ct="otpp:content-type/news-article"
                            dateFrom="{Date}2012-01-01T00:00:00.000-05:00"
                            dateTo="{Date}2013-01-01T00:00:00.000-05:00"
                            doNotSearch="{Boolean}false"
                            regionAND="or"
                            sort="originalPublished"/>
                    </list>
                </par>
            </section>
        </maincontent>
        <image
            jcr:lastModified="{Date}2022-05-26T13:31:46.071Z"
            jcr:lastModifiedBy="eric_tai@otpp.com"
            jcr:primaryType="nt:unstructured"/>
        <video
            jcr:lastModified="{Date}2022-05-26T13:31:46.071Z"
            jcr:lastModifiedBy="eric_tai@otpp.com"
            jcr:primaryType="nt:unstructured"/>
    </jcr:content>
</jcr:root>
