<?xml version="1.0" encoding="UTF-8"?>
<jcr:root xmlns:sling="http://sling.apache.org/jcr/sling/1.0" xmlns:cq="http://www.day.com/jcr/cq/1.0" xmlns:jcr="http://www.jcp.org/jcr/1.0" xmlns:mix="http://www.jcp.org/jcr/mix/1.0" xmlns:nt="http://www.jcp.org/jcr/nt/1.0"
    jcr:primaryType="cq:Page">
    <corporate-governance-leaders-to-convene-at-global-summit-in-toronto-canada/>
    <teachers-supports-retirement-financing-solution-for-all-working-canadians/>
    <ontario-teachers-pension-plan-acquires-acorn-care-and-education/>
    <teachers-sells-10-of-maple-leaf-foods/>
    <institutional-investors-convene-in-toronto-for-major-talks-on-challenges-facing-the-governance-of-public-companies/>
    <pension-champions-or-pension-chumps-the-choice-is-ours-the-time-is-no-1/>
    <teachers-responds-positively-to-ontario-government-efforts-to-modernize-pension-legislation/>
    <letter-to-senator-christopher-dodd-expresses-support-for-legislation-to-create-the-restoring-american-financial-stability-act-dodd-frank-/>
    <osc-magna-decision-sends-strong-message-to-corporate-boards-teachers-/>
    <teachers-sale-of-ctvglobemedia-stake-supports-further-investments-in-telecom-media-and-technology-portfolio/>
    <teachers-supports-osc-hearing-into-proposed-magna-transaction/>
    <response-to-the-ontario-ministry-of-finance-white-paper/>
    <clarkson-centre-governance-monitor-majority-voting/>
    <teachers-honoured-for-innovative-asset-management/>
    <governance-comment-teachers-position-on-proposed-magna-transaction-unchanged-by-additional-disclosure/>
    <teachers-to-acquire-uk-national-lottery-operator-camelot-group-plc/>
    <teachers-closes-acquisition-of-camelot-group-ltd-uk-national-lottery-operator/>
    <mid-year-update-august-24-2010/>
    <teachers-private-capital-makes-equity-investment-in-bluearth-renewables-inc-/>
    <munchkin-announces-investment-by-ontario-teachers-pension-plan/>
    <comments-to-financial-services-agency-japan-expresses-support-for-asian-corporate-governance-association-s-view-on-the-fsa-s-memo-outline-of-proposal/>
    <teachers-rejects-mfi-shareholder-rights-plan-is-converting-holdings-to-reach-29-98-of-outstanding-common-voting-shares/>
    <jane-rowe-assumes-leadership-of-teachers-private-capital/>
    <teachers-not-swayed-by-magna-s-additional-disclosure/>
    <avista-capital-partners-and-ontario-teachers-pension-plan-agree-to-acquire-inc-research-inc-/>
    <borealis-and-teachers-agree-to-acquire-hs1-uk-s-only-high-speed-rail-network/>
    <_x0032_010-annual-general-meeting/>
    <teachers-seeks-to-provide-supreme-court-with-investor-perspective-on-single-regulator/>
    <teachers-statement-re-northumbrian-water-group-plc/>
    <teachers-agrees-to-sell-gcan-insurance-to-rsa-canada/>
    <jim-leech-comments-on-mlse-ownership/>
    <shareholder-group-to-participate-in-osc-hearing-on-proposed-magna-transaction/>
    <_x0032_010-report-on-corporate-governance-in-canada/>
    <teachers-michael-wissell-appointed-to-osc-investor-advisory-panel/>
    <ontario-teachers-pension-plan-board-and-maple-leaf-foods-inc-announce-increase-in-size-of-bought-deal/>
    <sonicwall-completes-merger-with-thoma-bravo-and-ontario-teachers-pension-plan/>
    <sonicwall-enters-into-merger-agreement-with-thoma-bravo-and-ontario-teachers-pension-plan/>
    <pension-champions-or-pension-chumps-the-choice-is-ours-the-time-is-now-/>
    <ares-management-ontario-teachers-pension-plan-complete-acquisition-of-simmons-bedding-simmons-bedding-company-emerges-from-pre-packaged-chapter-11/>
    <teachers-fund-rebounds-to-96-4-billion-exceeds-benchmark-with-13-rate-of-return-10-9-billion-in-earnings/>
    <teachers-private-capital-equity-investment-supports-launch-of-u-s-commercial-finance-company/>
    <teachers-accepts-aud-20-million-intoll-settlement-offer/>
    <ontario-teachers-pension-plan-acquires-exal-group/>
    <teachers-part-of-group-buying-stake-in-brazilian-bank-btg-pactual/>
    <united-guaranty-canada-acquired-by-canadian-owners/>
    <teachers-chair-and-board-member-address-ontario-teachers-federation/>
    <teachers-announces-it-will-vote-against-magna-s-proposed-transaction-to-eliminate-multiple-voting-shar-1/>
    <robert-breckon-joins-teachers-private-capital-as-senior-advisor/>
    <jcr:content
        cq:lastModified="{Date}2022-05-26T13:32:02.957Z"
        cq:lastModifiedBy="eric_tai@otpp.com"
        cq:lastReplicated="{Date}2022-05-26T13:32:34.202Z"
        cq:lastReplicated_preview="{Date}2022-06-01T16:01:21.224Z"
        cq:lastReplicated_publish="{Date}2022-05-26T13:32:34.202Z"
        cq:lastReplicated_scene7="{Date}2021-10-28T04:42:43.579Z"
        cq:lastReplicatedBy="eric_tai@otpp.com"
        cq:lastReplicatedBy_preview="matthew_sadowski@otpp.com"
        cq:lastReplicatedBy_publish="eric_tai@otpp.com"
        cq:lastReplicatedBy_scene7="hakim.sadikali@digitalonsix.com"
        cq:lastReplicationAction="Activate"
        cq:lastReplicationAction_preview="Activate"
        cq:lastReplicationAction_publish="Activate"
        cq:lastReplicationAction_scene7="Activate"
        cq:template="/conf/otpp/settings/wcm/templates/l2"
        jcr:isCheckedOut="{Boolean}true"
        jcr:mixinTypes="[mix:versionable]"
        jcr:primaryType="cq:PageContent"
        jcr:title="News and Insights - 2010"
        jcr:uuid="42ee09e6-3265-45dd-b7b6-a6636d88934d"
        sling:resourceType="otpp/components/pages/l2"
        audience="[public,members]"
        contentType="otpp:content-type/bio"
        hideInSearch="false"
        lastModified="{Date}2021-10-11T12:31:29.621-04:00"
        navTitle="2010">
        <herobanner
            jcr:primaryType="nt:unstructured"
            sling:resourceType="otpp/components/components/herobanner"/>
        <maincontent
            jcr:lastModified="{Date}2021-07-21T14:53:40.252-04:00"
            jcr:lastModifiedBy="admin"
            jcr:primaryType="nt:unstructured"
            sling:resourceType="dos/components/paragraphsystems/generic">
            <section
                jcr:created="{Date}2021-07-21T11:43:21.419-04:00"
                jcr:createdBy="admin"
                jcr:lastModified="{Date}2021-07-21T11:43:21.419-04:00"
                jcr:lastModifiedBy="admin"
                jcr:primaryType="nt:unstructured"
                sling:resourceType="dos/components/components/section">
                <par
                    jcr:primaryType="nt:unstructured"
                    sling:resourceType="dos/components/paragraphsystems/generic">
                    <list
                        jcr:created="{Date}2021-10-02T18:32:28.496-04:00"
                        jcr:createdBy="admin"
                        jcr:lastModified="{Date}2021-10-11T12:09:15.019-04:00"
                        jcr:lastModifiedBy="admin"
                        jcr:primaryType="nt:unstructured"
                        jcr:title="Corporate News - 2008"
                        sling:resourceType="otpp/components/cards/list"
                        autoplayButtonOutput="{Boolean}false"
                        cardType="/apps/otpp/components/common/sly-templates/cardNews.html"
                        headingTag="h2"
                        hideTitle="{Boolean}true"
                        layout="{Long}[3]"
                        limit="{Long}256"
                        listType="list"
                        loadMoreStrategy="none"
                        loop="{Boolean}false"
                        paginate="{Long}256"
                        showLimit="{Long}24"
                        textIsRich="true">
                        <preFilter
                            jcr:primaryType="nt:unstructured"
                            assetClassAND="or"
                            ct="otpp:content-type/news-article"
                            dateFrom="{Date}2010-01-01T00:00:00.000-05:00"
                            dateTo="{Date}2011-01-01T00:00:00.000-05:00"
                            doNotSearch="{Boolean}false"
                            regionAND="or"
                            sort="originalPublished"/>
                    </list>
                </par>
            </section>
        </maincontent>
        <image
            jcr:lastModified="{Date}2022-05-26T13:32:02.930Z"
            jcr:lastModifiedBy="eric_tai@otpp.com"
            jcr:primaryType="nt:unstructured"/>
        <video
            jcr:lastModified="{Date}2022-05-26T13:32:02.930Z"
            jcr:lastModifiedBy="eric_tai@otpp.com"
            jcr:primaryType="nt:unstructured"/>
    </jcr:content>
</jcr:root>
